Ç°¸ñ,product_group
011-00HB08-J023M,H/B
011-0MHB08-J001M,H/B
011-M07700-J023M,Others Heater
011-0TXZ08-J001M,Others Heater
011-00AP12-J016M,ALTUS
011-00AP12-J014M,ALTUS
011-00HB08-J001M,H/B
011-00HB06-J008M,H/B
011-00HB06-J001M,H/B
011-00HB06-J014M,H/B
011-00HB08-J002M,H/B
011-00HB08-J024M,H/B
011-00HB06-J013M,H/B
011-00HB06-J013M,H/B
011-00HB06-J004M,H/B
011-00HB08-J001M,H/B
011-00HB06-J001M,H/B
011-00HB08-J021M,H/B
011-00HB08-J009M,H/B
011-M01102-J001M,H/B
011-00HB08-J019M,H/B
011-00HB08-J001M,H/B
011-00AP08-J003M,ALTUS
011-0MHB06-J003M,H/B
011-0MHB08-J002M,H/B
011-00NS06-J002M,N2 Shield
011-00NS08-J001M,N2 Shield
011-0RTP02-J002M,RTP
011-0RTP02-J002M,RTP
011-0RTP02-J002M,RTP
011-0RTP02-J002M,RTP
011-0RTP01-J001M,RTP
011-0RTP02-J002M,RTP
011-0RTP02-J002M,RTP
011-0RTP01-J001M,RTP
011-0RTP01-J001M,RTP
011-0RTP01-J001M,RTP
011-0RTP01-J001M,RTP
011-0RTP01-J001M,RTP
011-0RTP01-J001M,RTP
011-0RTP01-J001M,RTP
011-M03302-J003M,Pio-tech
011-M03302-J008M,Pio-tech
011-APHA08-J001M,Pio-tech
011-M03301-J002M,Pio-tech
011-APHA12-J003M,Pio-tech
011-M03302-J004M,Pio-tech
011-M03000-J001M,Pio-tech
011-APHA12-J004M,Pio-tech
011-M03302-J009M,Pio-tech
011-M03302-J006M,Pio-tech
011-M03302-J012M,Pio-tech
011-M03302-J005M,Pio-tech
011-M03303-J001P,Pio-tech
011-M03000-J003M,Pio-tech
011-M07700-J017M,Others Heater
011-0TLP12-J003M,L/L Preheater
070-DWHTER-J001M,Others Heater
011-M07700-J021M,Others Heater
070-PSKHCV-J001M,PSK(H) Heater
070-PSKHSA-J002M,PSK(H) Heater
011-0PCC12-J001M,PSK(H) Heater
011-0PBH12-J001M,PSK(H) Heater
011-0PAM12-J002M,PSK(H) Heater
011-0PAM12-J001M,PSK(H) Heater
011-PSKCPS-J001M,PSK(H) Heater
011-M05000-J005M,PSK(H) Heater
070-PSKBHX-J001M,PSK(H) Heater
011-M05502-J002M,PSK(H) Heater
070-PSKBHX-J002M,PSK(H) Heater
011-PSKDCC-J001M,PSK(H) Heater
011-PSKDCC-J002M,PSK(H) Heater
011-00HB08-J001M,H/B
011-00HB08-J003M,H/B
011-00HB08-J001M,H/B
011-00HB08-J001M,H/B
070-PTHT08-J001M,Others Heater
011-ASMCTH-J001M,Others Heater
011-ASMCTH-J002M,Others Heater
011-M07700-J010M,Others Heater
011-00HB08-J007M,H/B
011-00HB08-J001M,H/B
011-00HB06-J001M,H/B
011-00HB08-J001M,H/B
070-ALNHTC-J001M,Others Heater
070-ALNHTC-J001M,Others Heater
011-00VL01-J001M,L/L Preheater
011-00HB06-J008M,H/B
011-00HB08-J001M,H/B
011-00HB08-J001M,H/B
011-00HB06-J001M,H/B
011-00HB06-J003M,H/B
011-00HB08-J002M,H/B
011-00AP12-J014M,ALTUS
011-M02202-J001M,ALTUS
011-00AP12-J016M,ALTUS
011-00AP12-J012M,ALTUS
011-M02202-J003M,ALTUS
011-00HB06-J001M,H/B
011-00HB08-J010M,H/B
011-00AP12-J007M,ALTUS
011-00VP12-J001M,Vector
011-00VP12-J002M,Vector
011-00AP08-J003M,ALTUS
070-TCPHTR-J001M,Others Heater
011-00NS06-J001M,N2 Sield
011-0RTP02-J002M,RTP
011-M04402-J001M,RTP
011-0RTP02-J002M,RTP
011-0RTP01-J001M,RTP
